{"cameraMode":{"drawMode":0,"name":"Shaded","section":"Shading Mode"},"sceneLighting":false,"audioPlay":false,"sceneViewState":{"m_AlwaysRefresh":false,"showFog":true,"showSkybox":false,"showFlares":true,"showImageEffects":true,"showParticleSystems":true,"showVisualEffectGraphs":true,"m_FxEnabled":true},"in2DMode":false,"pivot":{"x":-9.478076934814454,"y":1.503000020980835,"z":1.6675883531570435},"rotation":{"x":0.18215301632881165,"y":0.0860755443572998,"z":-0.017174823209643365,"w":0.9798098802566528},"size":0.8660253882408142,"orthographic":false}