{"cameraMode":{"drawMode":0,"name":"Shaded","section":"Shading Mode"},"sceneLighting":false,"audioPlay":false,"sceneViewState":{"m_AlwaysRefresh":false,"showFog":true,"showSkybox":false,"showFlares":true,"showImageEffects":true,"showParticleSystems":true,"showVisualEffectGraphs":true,"m_FxEnabled":true},"in2DMode":false,"pivot":{"x":-0.06488483399152756,"y":0.5608998537063599,"z":-0.4290643334388733},"rotation":{"x":0.1517135500907898,"y":0.03769773244857788,"z":-0.006915406323969364,"w":0.9880042672157288},"size":0.005781267769634724,"orthographic":false}